entry_id,verify,field,action,before,after,reason,desc_merged
entry-00103,0,trace[1],remove_before_entry,"packages/cli/src/webhooks/webhook-helpers.ts:605-614 [
		if (responseMode === 'streaming') {
			Container.get(Logger).debug(
				`Exec...]",,before_entry: 节点在 entry_file 中 strictly_before,
entry-00185,0,trace[2],remove_after_critical,packages/core/src/execution-engine/node-execution-context/utils/file-system-helper-functions.ts:65 [	return false;],,after_critical: 节点在 critical_file 中 strictly_after,
entry-00320,0,trace[2],remove_before_entry,"src/backend/base/langflow/api/v2/files.py:119-122 [    if not file_content:
        file_content = await file.read()
    if not fil...]",,before_entry: 节点在 entry_file 中 strictly_before,
entry-00511,0,trace[4],remove_after_critical,"packages/@n8n/expression-runtime/src/extensions/extend.ts:105-106 [export function extend(input: unknown, functionName: string, args: unknown[]) {
...]",,after_critical: 节点在 critical_file 中 strictly_after,
