entry_id,verify,trace_index,issue_type,description
entry-00057,1,0,ambiguous_before_entry,"trace[0] 在 entry_file 中 comparison=overlapping, vs_entry=overlapping, vs_critical=n/a"
entry-00057,1,7,ambiguous_after_critical,"trace[7] 在 critical_file 中 comparison=overlapping, vs_entry=n/a, vs_critical=overlapping"
entry-00058,1,0,ambiguous_before_entry,"trace[0] 在 entry_file 中 comparison=overlapping, vs_entry=overlapping, vs_critical=n/a"
entry-00058,1,4,ambiguous_after_critical,"trace[4] 在 critical_file 中 comparison=overlapping, vs_entry=n/a, vs_critical=overlapping"
entry-00061,1,0,ambiguous_after_critical,"trace[0] 在 both 中 comparison=strictly_after, vs_entry=overlapping, vs_critical=strictly_after"
entry-00061,1,1,ambiguous_before_entry,"trace[1] 在 both 中 comparison=strictly_before, vs_entry=strictly_before, vs_critical=strictly_after"
entry-00061,1,3,ambiguous_before_entry,"trace[3] 在 both 中 comparison=strictly_before, vs_entry=strictly_before, vs_critical=overlapping"
entry-00061,1,4,ambiguous_before_entry,"trace[4] 在 both 中 comparison=strictly_before, vs_entry=strictly_before, vs_critical=overlapping"
entry-00062,1,0,ambiguous_before_entry,"trace[0] 在 entry_file 中 comparison=overlapping, vs_entry=overlapping, vs_critical=n/a"
entry-00062,1,7,ambiguous_after_critical,"trace[7] 在 critical_file 中 comparison=overlapping, vs_entry=n/a, vs_critical=overlapping"
entry-00063,1,0,ambiguous_before_entry,"trace[0] 在 entry_file 中 comparison=overlapping, vs_entry=overlapping, vs_critical=n/a"
entry-00063,1,6,ambiguous_after_critical,"trace[6] 在 critical_file 中 comparison=overlapping, vs_entry=n/a, vs_critical=overlapping"
entry-00064,1,0,ambiguous_before_entry,"trace[0] 在 entry_file 中 comparison=overlapping, vs_entry=overlapping, vs_critical=n/a"
entry-00064,1,5,ambiguous_after_critical,"trace[5] 在 critical_file 中 comparison=overlapping, vs_entry=n/a, vs_critical=overlapping"
entry-00064,1,6,ambiguous_after_critical,"trace[6] 在 critical_file 中 comparison=overlapping, vs_entry=n/a, vs_critical=overlapping"
entry-00065,1,0,ambiguous_before_entry,"trace[0] 在 entry_file 中 comparison=overlapping, vs_entry=overlapping, vs_critical=n/a"
entry-00065,1,11,ambiguous_after_critical,"trace[11] 在 critical_file 中 comparison=overlapping, vs_entry=n/a, vs_critical=overlapping"
entry-00066,1,0,ambiguous_after_critical,"trace[0] 在 both 中 comparison=strictly_after, vs_entry=overlapping, vs_critical=strictly_after"
entry-00066,1,5,ambiguous_before_entry,"trace[5] 在 both 中 comparison=strictly_before, vs_entry=strictly_before, vs_critical=overlapping"
entry-00067,1,0,ambiguous_before_entry,"trace[0] 在 entry_file 中 comparison=overlapping, vs_entry=overlapping, vs_critical=n/a"
entry-00067,1,6,ambiguous_after_critical,"trace[6] 在 critical_file 中 comparison=overlapping, vs_entry=n/a, vs_critical=overlapping"
entry-00074,1,0,ambiguous_after_critical,"trace[0] 在 both 中 comparison=strictly_after, vs_entry=overlapping, vs_critical=strictly_after"
entry-00074,1,1,ambiguous_before_entry,"trace[1] 在 both 中 comparison=strictly_before, vs_entry=strictly_before, vs_critical=overlapping"
entry-00075,1,0,ambiguous_after_critical,"trace[0] 在 both 中 comparison=strictly_after, vs_entry=overlapping, vs_critical=strictly_after"
entry-00075,1,2,ambiguous_before_entry,"trace[2] 在 both 中 comparison=strictly_before, vs_entry=strictly_before, vs_critical=overlapping"
entry-00076,1,0,ambiguous_after_critical,"trace[0] 在 both 中 comparison=strictly_after, vs_entry=overlapping, vs_critical=strictly_after"
entry-00076,1,2,ambiguous_before_entry,"trace[2] 在 both 中 comparison=strictly_before, vs_entry=strictly_before, vs_critical=overlapping"
entry-00077,1,0,ambiguous_before_entry,"trace[0] 在 entry_file 中 comparison=overlapping, vs_entry=overlapping, vs_critical=n/a"
entry-00077,1,1,ambiguous_after_critical,"trace[1] 在 critical_file 中 comparison=overlapping, vs_entry=n/a, vs_critical=overlapping"
entry-00078,1,0,ambiguous_after_critical,"trace[0] 在 both 中 comparison=strictly_after, vs_entry=overlapping, vs_critical=strictly_after"
entry-00078,1,1,ambiguous_before_entry,"trace[1] 在 both 中 comparison=strictly_before, vs_entry=strictly_before, vs_critical=overlapping"
entry-00079,1,0,ambiguous_after_critical,"trace[0] 在 both 中 comparison=strictly_after, vs_entry=overlapping, vs_critical=strictly_after"
entry-00079,1,2,ambiguous_before_entry,"trace[2] 在 both 中 comparison=strictly_before, vs_entry=strictly_before, vs_critical=overlapping"
entry-00080,1,0,ambiguous_before_entry,"trace[0] 在 entry_file 中 comparison=overlapping, vs_entry=overlapping, vs_critical=n/a"
entry-00080,1,3,ambiguous_after_critical,"trace[3] 在 critical_file 中 comparison=overlapping, vs_entry=n/a, vs_critical=overlapping"
entry-00081,1,0,ambiguous_before_entry,"trace[0] 在 entry_file 中 comparison=overlapping, vs_entry=overlapping, vs_critical=n/a"
entry-00081,1,3,ambiguous_after_critical,"trace[3] 在 critical_file 中 comparison=overlapping, vs_entry=n/a, vs_critical=overlapping"
entry-00082,1,0,ambiguous_before_entry,"trace[0] 在 entry_file 中 comparison=overlapping, vs_entry=overlapping, vs_critical=n/a"
entry-00082,1,6,ambiguous_after_critical,"trace[6] 在 critical_file 中 comparison=overlapping, vs_entry=n/a, vs_critical=overlapping"
entry-00083,1,0,ambiguous_before_entry,"trace[0] 在 entry_file 中 comparison=overlapping, vs_entry=overlapping, vs_critical=n/a"
entry-00083,1,5,ambiguous_after_critical,"trace[5] 在 critical_file 中 comparison=overlapping, vs_entry=n/a, vs_critical=overlapping"
entry-00084,1,0,ambiguous_before_entry,"trace[0] 在 entry_file 中 comparison=overlapping, vs_entry=overlapping, vs_critical=n/a"
entry-00084,1,11,ambiguous_after_critical,"trace[11] 在 critical_file 中 comparison=overlapping, vs_entry=n/a, vs_critical=overlapping"
entry-00085,1,0,ambiguous_before_entry,"trace[0] 在 entry_file 中 comparison=overlapping, vs_entry=overlapping, vs_critical=n/a"
entry-00085,1,5,ambiguous_after_critical,"trace[5] 在 critical_file 中 comparison=overlapping, vs_entry=n/a, vs_critical=overlapping"
entry-00086,1,0,ambiguous_before_entry,"trace[0] 在 entry_file 中 comparison=overlapping, vs_entry=overlapping, vs_critical=n/a"
entry-00086,1,6,ambiguous_after_critical,"trace[6] 在 critical_file 中 comparison=overlapping, vs_entry=n/a, vs_critical=overlapping"
entry-00087,1,0,ambiguous_before_entry,"trace[0] 在 entry_file 中 comparison=overlapping, vs_entry=overlapping, vs_critical=n/a"
entry-00087,1,8,ambiguous_after_critical,"trace[8] 在 critical_file 中 comparison=overlapping, vs_entry=n/a, vs_critical=overlapping"
entry-00090,1,0,ambiguous_before_entry,"trace[0] 在 entry_file 中 comparison=overlapping, vs_entry=overlapping, vs_critical=n/a"
entry-00090,1,7,ambiguous_after_critical,"trace[7] 在 critical_file 中 comparison=overlapping, vs_entry=n/a, vs_critical=overlapping"
entry-00091,1,0,ambiguous_before_entry,"trace[0] 在 entry_file 中 comparison=overlapping, vs_entry=overlapping, vs_critical=n/a"
entry-00091,1,4,ambiguous_after_critical,"trace[4] 在 critical_file 中 comparison=overlapping, vs_entry=n/a, vs_critical=overlapping"
entry-00099,0,0,ambiguous_before_entry,"trace[0] 在 entry_file 中 comparison=overlapping, vs_entry=overlapping, vs_critical=n/a"
entry-00099,0,3,ambiguous_after_critical,"trace[3] 在 critical_file 中 comparison=overlapping, vs_entry=n/a, vs_critical=overlapping"
entry-00100,0,0,ambiguous_before_entry,"trace[0] 在 entry_file 中 comparison=overlapping, vs_entry=overlapping, vs_critical=n/a"
entry-00100,0,4,ambiguous_after_critical,"trace[4] 在 critical_file 中 comparison=overlapping, vs_entry=n/a, vs_critical=overlapping"
entry-00101,1,0,ambiguous_before_entry,"trace[0] 在 entry_file 中 comparison=overlapping, vs_entry=overlapping, vs_critical=n/a"
entry-00101,1,4,ambiguous_after_critical,"trace[4] 在 critical_file 中 comparison=overlapping, vs_entry=n/a, vs_critical=overlapping"
entry-00103,0,0,ambiguous_before_entry,"trace[0] 在 entry_file 中 comparison=overlapping, vs_entry=overlapping, vs_critical=n/a"
entry-00103,0,3,ambiguous_after_critical,"trace[3] 在 critical_file 中 comparison=overlapping, vs_entry=n/a, vs_critical=overlapping"
entry-00104,1,0,ambiguous_before_entry,"trace[0] 在 entry_file 中 comparison=overlapping, vs_entry=overlapping, vs_critical=n/a"
entry-00104,1,4,ambiguous_after_critical,"trace[4] 在 critical_file 中 comparison=overlapping, vs_entry=n/a, vs_critical=overlapping"
entry-00105,1,0,ambiguous_before_entry,"trace[0] 在 entry_file 中 comparison=overlapping, vs_entry=overlapping, vs_critical=n/a"
entry-00105,1,3,ambiguous_after_critical,"trace[3] 在 critical_file 中 comparison=overlapping, vs_entry=n/a, vs_critical=overlapping"
entry-00113,1,3,ambiguous_before_entry,"trace[3] 在 both 中 comparison=strictly_before, vs_entry=strictly_before, vs_critical=overlapping"
entry-00115,1,1,duplicate_desc_conflict,trace[1] 与 trace[0] 重复但 desc 不一致; first='Client A 首次调用 connect()，将 Client A 专属的 transport 实例正确写入 this._transport；此时绑定关系有效，但函数未标记已连接状态，无法阻止后续并发调用再次执行同一赋值路径。' vs current='随后，Client B 调用同一 Protocol 实例的 connect()；由于缺少已连接守卫，this._transport 被赋值为 Client B 的 transport，静默覆盖先前 Client A 建立的绑定；自此，实例内所有出站消息均将错误地流向 Client B 的通道。'
entry-00116,1,0,ambiguous_before_entry,"trace[0] 在 entry_file 中 comparison=overlapping, vs_entry=overlapping, vs_critical=n/a"
entry-00116,1,10,ambiguous_after_critical,"trace[10] 在 critical_file 中 comparison=overlapping, vs_entry=n/a, vs_critical=overlapping"
entry-00118,1,0,ambiguous_before_entry,"trace[0] 在 entry_file 中 comparison=overlapping, vs_entry=overlapping, vs_critical=n/a"
entry-00118,1,3,ambiguous_after_critical,"trace[3] 在 critical_file 中 comparison=overlapping, vs_entry=n/a, vs_critical=overlapping"
entry-00119,1,0,ambiguous_before_entry,"trace[0] 在 entry_file 中 comparison=overlapping, vs_entry=overlapping, vs_critical=n/a"
entry-00119,1,5,ambiguous_after_critical,"trace[5] 在 critical_file 中 comparison=overlapping, vs_entry=n/a, vs_critical=overlapping"
entry-00122,1,0,ambiguous_before_entry,"trace[0] 在 entry_file 中 comparison=overlapping, vs_entry=overlapping, vs_critical=n/a"
entry-00122,1,6,ambiguous_after_critical,"trace[6] 在 critical_file 中 comparison=overlapping, vs_entry=n/a, vs_critical=overlapping"
entry-00123,1,0,ambiguous_before_entry,"trace[0] 在 entry_file 中 comparison=overlapping, vs_entry=overlapping, vs_critical=n/a"
entry-00123,1,4,ambiguous_after_critical,"trace[4] 在 critical_file 中 comparison=overlapping, vs_entry=n/a, vs_critical=overlapping"
entry-00124,1,0,ambiguous_before_entry,"trace[0] 在 entry_file 中 comparison=overlapping, vs_entry=overlapping, vs_critical=n/a"
entry-00124,1,3,ambiguous_after_critical,"trace[3] 在 critical_file 中 comparison=overlapping, vs_entry=n/a, vs_critical=overlapping"
entry-00137,1,0,ambiguous_before_entry,"trace[0] 在 entry_file 中 comparison=overlapping, vs_entry=overlapping, vs_critical=n/a"
entry-00137,1,2,ambiguous_after_critical,"trace[2] 在 critical_file 中 comparison=overlapping, vs_entry=n/a, vs_critical=overlapping"
entry-00140,1,0,ambiguous_before_entry,"trace[0] 在 entry_file 中 comparison=overlapping, vs_entry=overlapping, vs_critical=n/a"
entry-00140,1,5,ambiguous_after_critical,"trace[5] 在 critical_file 中 comparison=overlapping, vs_entry=n/a, vs_critical=overlapping"
entry-00141,1,0,ambiguous_before_entry,"trace[0] 在 entry_file 中 comparison=overlapping, vs_entry=overlapping, vs_critical=n/a"
entry-00141,1,4,ambiguous_after_critical,"trace[4] 在 critical_file 中 comparison=overlapping, vs_entry=n/a, vs_critical=overlapping"
entry-00142,1,3,ambiguous_after_critical,"trace[3] 在 critical_file 中 comparison=overlapping, vs_entry=n/a, vs_critical=overlapping"
entry-00143,1,0,ambiguous_before_entry,"trace[0] 在 entry_file 中 comparison=overlapping, vs_entry=overlapping, vs_critical=n/a"
entry-00143,1,3,ambiguous_after_critical,"trace[3] 在 critical_file 中 comparison=overlapping, vs_entry=n/a, vs_critical=overlapping"
entry-00145,1,0,ambiguous_before_entry,"trace[0] 在 entry_file 中 comparison=overlapping, vs_entry=overlapping, vs_critical=n/a"
entry-00145,1,3,ambiguous_after_critical,"trace[3] 在 critical_file 中 comparison=overlapping, vs_entry=n/a, vs_critical=overlapping"
entry-00146,1,0,ambiguous_before_entry,"trace[0] 在 entry_file 中 comparison=overlapping, vs_entry=overlapping, vs_critical=n/a"
entry-00146,1,12,ambiguous_after_critical,"trace[12] 在 critical_file 中 comparison=overlapping, vs_entry=n/a, vs_critical=overlapping"
entry-00147,1,1,ambiguous_before_entry,"trace[1] 在 entry_file 中 comparison=overlapping, vs_entry=overlapping, vs_critical=n/a"
entry-00147,1,8,ambiguous_after_critical,"trace[8] 在 critical_file 中 comparison=overlapping, vs_entry=n/a, vs_critical=overlapping"
entry-00149,1,0,ambiguous_after_critical,"trace[0] 在 both 中 comparison=strictly_after, vs_entry=overlapping, vs_critical=strictly_after"
entry-00149,1,2,ambiguous_before_entry,"trace[2] 在 both 中 comparison=strictly_before, vs_entry=strictly_before, vs_critical=strictly_after"
entry-00149,1,3,ambiguous_before_entry,"trace[3] 在 both 中 comparison=strictly_before, vs_entry=strictly_before, vs_critical=strictly_after"
entry-00149,1,4,ambiguous_before_entry,"trace[4] 在 both 中 comparison=strictly_before, vs_entry=strictly_before, vs_critical=strictly_after"
entry-00149,1,5,ambiguous_before_entry,"trace[5] 在 both 中 comparison=strictly_before, vs_entry=strictly_before, vs_critical=strictly_after"
entry-00149,1,6,ambiguous_before_entry,"trace[6] 在 both 中 comparison=strictly_before, vs_entry=strictly_before, vs_critical=strictly_after"
entry-00149,1,7,ambiguous_before_entry,"trace[7] 在 both 中 comparison=strictly_before, vs_entry=strictly_before, vs_critical=overlapping"
entry-00158,1,0,ambiguous_before_entry,"trace[0] 在 entry_file 中 comparison=overlapping, vs_entry=overlapping, vs_critical=n/a"
entry-00158,1,3,ambiguous_after_critical,"trace[3] 在 critical_file 中 comparison=overlapping, vs_entry=n/a, vs_critical=overlapping"
entry-00163,1,0,ambiguous_before_entry,"trace[0] 在 entry_file 中 comparison=overlapping, vs_entry=overlapping, vs_critical=n/a"
entry-00163,1,3,ambiguous_after_critical,"trace[3] 在 critical_file 中 comparison=overlapping, vs_entry=n/a, vs_critical=overlapping"
entry-00168,1,0,ambiguous_before_entry,"trace[0] 在 entry_file 中 comparison=overlapping, vs_entry=overlapping, vs_critical=n/a"
entry-00168,1,2,ambiguous_after_critical,"trace[2] 在 critical_file 中 comparison=overlapping, vs_entry=n/a, vs_critical=overlapping"
entry-00169,1,0,ambiguous_before_entry,"trace[0] 在 entry_file 中 comparison=overlapping, vs_entry=overlapping, vs_critical=n/a"
entry-00169,1,1,ambiguous_after_critical,"trace[1] 在 critical_file 中 comparison=overlapping, vs_entry=n/a, vs_critical=overlapping"
entry-00170,1,0,ambiguous_before_entry,"trace[0] 在 entry_file 中 comparison=overlapping, vs_entry=overlapping, vs_critical=n/a"
entry-00170,1,1,ambiguous_after_critical,"trace[1] 在 critical_file 中 comparison=overlapping, vs_entry=n/a, vs_critical=overlapping"
entry-00171,1,0,ambiguous_before_entry,"trace[0] 在 entry_file 中 comparison=overlapping, vs_entry=overlapping, vs_critical=n/a"
entry-00171,1,8,ambiguous_after_critical,"trace[8] 在 critical_file 中 comparison=overlapping, vs_entry=n/a, vs_critical=overlapping"
entry-00172,1,0,ambiguous_after_critical,"trace[0] 在 both 中 comparison=strictly_after, vs_entry=overlapping, vs_critical=strictly_after"
entry-00172,1,2,ambiguous_before_entry,"trace[2] 在 both 中 comparison=strictly_before, vs_entry=strictly_before, vs_critical=strictly_after"
entry-00172,1,7,ambiguous_before_entry,"trace[7] 在 both 中 comparison=strictly_before, vs_entry=strictly_before, vs_critical=overlapping"
entry-00173,1,0,ambiguous_after_critical,"trace[0] 在 both 中 comparison=strictly_after, vs_entry=overlapping, vs_critical=strictly_after"
entry-00173,1,5,ambiguous_before_entry,"trace[5] 在 both 中 comparison=strictly_before, vs_entry=strictly_before, vs_critical=overlapping"
entry-00174,1,0,ambiguous_before_entry,"trace[0] 在 entry_file 中 comparison=overlapping, vs_entry=overlapping, vs_critical=n/a"
entry-00174,1,6,ambiguous_after_critical,"trace[6] 在 critical_file 中 comparison=overlapping, vs_entry=n/a, vs_critical=overlapping"
entry-00175,1,0,ambiguous_before_entry,"trace[0] 在 entry_file 中 comparison=overlapping, vs_entry=overlapping, vs_critical=n/a"
entry-00175,1,4,ambiguous_after_critical,"trace[4] 在 critical_file 中 comparison=overlapping, vs_entry=n/a, vs_critical=overlapping"
entry-00176,0,0,ambiguous_before_entry,"trace[0] 在 entry_file 中 comparison=overlapping, vs_entry=overlapping, vs_critical=n/a"
entry-00176,0,6,ambiguous_after_critical,"trace[6] 在 critical_file 中 comparison=overlapping, vs_entry=n/a, vs_critical=overlapping"
entry-00178,1,0,ambiguous_before_entry,"trace[0] 在 entry_file 中 comparison=overlapping, vs_entry=overlapping, vs_critical=n/a"
entry-00178,1,3,ambiguous_after_critical,"trace[3] 在 critical_file 中 comparison=overlapping, vs_entry=n/a, vs_critical=overlapping"
entry-00182,1,1,duplicate_desc_conflict,trace[1] 与 trace[0] 重复但 desc 不一致; first='调用链第一步（模块加载阶段）：Python 解释器首次导入 constants.py 时，L126 的赋值语句将 BLOCKED_ATTRIBUTES 字面量集合写入运行时内存。此时集合遗漏的条目已不可更改，__objclass__ 自静态定义阶段便不在其中，后续全部属性拦截检查均以该残缺集合为唯一依据。' vs current='调用链第二步（运行时属性检查阶段）：沙箱拦截属性访问时对 BLOCKED_ATTRIBUTES 执行成员查询。当攻击者请求访问 __objclass__ 时，查询在已固化集合中找不到对应条目，检查结果为 False，属性访问被直接放行，为后续获取底层类引用打开通道。'
entry-00182,1,0,ambiguous_after_critical,"trace[0] 在 both 中 comparison=strictly_after, vs_entry=overlapping, vs_critical=strictly_after"
entry-00182,1,1,ambiguous_after_critical,"trace[1] 在 both 中 comparison=strictly_after, vs_entry=overlapping, vs_critical=strictly_after"
entry-00182,1,2,ambiguous_before_entry,"trace[2] 在 both 中 comparison=strictly_before, vs_entry=strictly_before, vs_critical=overlapping"
entry-00184,1,0,ambiguous_after_critical,"trace[0] 在 both 中 comparison=strictly_after, vs_entry=overlapping, vs_critical=strictly_after"
entry-00184,1,4,ambiguous_before_entry,"trace[4] 在 both 中 comparison=strictly_before, vs_entry=strictly_before, vs_critical=overlapping"
entry-00185,0,0,ambiguous_before_entry,"trace[0] 在 entry_file 中 comparison=overlapping, vs_entry=overlapping, vs_critical=n/a"
entry-00185,0,3,ambiguous_after_critical,"trace[3] 在 critical_file 中 comparison=overlapping, vs_entry=n/a, vs_critical=overlapping"
entry-00186,1,0,ambiguous_before_entry,"trace[0] 在 entry_file 中 comparison=overlapping, vs_entry=overlapping, vs_critical=n/a"
entry-00186,1,2,ambiguous_after_critical,"trace[2] 在 critical_file 中 comparison=overlapping, vs_entry=n/a, vs_critical=overlapping"
entry-00187,1,0,ambiguous_before_entry,"trace[0] 在 entry_file 中 comparison=overlapping, vs_entry=overlapping, vs_critical=n/a"
entry-00187,1,3,ambiguous_after_critical,"trace[3] 在 critical_file 中 comparison=overlapping, vs_entry=n/a, vs_critical=overlapping"
entry-00189,1,0,ambiguous_before_entry,"trace[0] 在 entry_file 中 comparison=overlapping, vs_entry=overlapping, vs_critical=n/a"
entry-00189,1,3,ambiguous_after_critical,"trace[3] 在 critical_file 中 comparison=overlapping, vs_entry=n/a, vs_critical=overlapping"
entry-00190,1,0,ambiguous_before_entry,"trace[0] 在 entry_file 中 comparison=overlapping, vs_entry=overlapping, vs_critical=n/a"
entry-00190,1,3,ambiguous_after_critical,"trace[3] 在 critical_file 中 comparison=overlapping, vs_entry=n/a, vs_critical=overlapping"
entry-00192,1,0,ambiguous_before_entry,"trace[0] 在 entry_file 中 comparison=overlapping, vs_entry=overlapping, vs_critical=n/a"
entry-00194,1,0,ambiguous_before_entry,"trace[0] 在 entry_file 中 comparison=overlapping, vs_entry=overlapping, vs_critical=n/a"
entry-00194,1,4,ambiguous_after_critical,"trace[4] 在 critical_file 中 comparison=overlapping, vs_entry=n/a, vs_critical=overlapping"
entry-00199,1,2,duplicate_desc_conflict,trace[2] 与 trace[0] 重复但 desc 不一致; first='agentCommand 是漏洞利用链的起点，write-scope 调用者发起的 agent 请求在此进入异步执行路径。该调用不携带任何鉴权上下文，使得整条执行链从起始位置就已缺失必要的调用者身份信息。' vs current='此处的 agentCommand 调用即是 WRITE_SCOPE 所覆盖的 agent 方法处理器的实际执行位置，印证了上一步权限配置的作用范围。调用以 void 触发后执行线程脱离原始请求上下文，调用者身份信息不再可追溯，漏洞利用路径由此向后续环节持续延伸。'
entry-00199,1,0,ambiguous_before_entry,"trace[0] 在 entry_file 中 comparison=overlapping, vs_entry=overlapping, vs_critical=n/a"
entry-00199,1,2,ambiguous_before_entry,"trace[2] 在 entry_file 中 comparison=overlapping, vs_entry=overlapping, vs_critical=n/a"
entry-00199,1,8,ambiguous_after_critical,"trace[8] 在 critical_file 中 comparison=overlapping, vs_entry=n/a, vs_critical=overlapping"
entry-00200,1,0,ambiguous_before_entry,"trace[0] 在 entry_file 中 comparison=overlapping, vs_entry=overlapping, vs_critical=n/a"
entry-00200,1,1,ambiguous_after_critical,"trace[1] 在 critical_file 中 comparison=overlapping, vs_entry=n/a, vs_critical=overlapping"
entry-00201,1,0,ambiguous_before_entry,"trace[0] 在 entry_file 中 comparison=overlapping, vs_entry=overlapping, vs_critical=n/a"
entry-00201,1,1,ambiguous_after_critical,"trace[1] 在 critical_file 中 comparison=overlapping, vs_entry=n/a, vs_critical=overlapping"
entry-00202,1,0,ambiguous_before_entry,"trace[0] 在 entry_file 中 comparison=overlapping, vs_entry=overlapping, vs_critical=n/a"
entry-00202,1,2,ambiguous_after_critical,"trace[2] 在 critical_file 中 comparison=overlapping, vs_entry=n/a, vs_critical=overlapping"
entry-00207,1,5,ambiguous_after_critical,"trace[5] 在 critical_file 中 comparison=overlapping, vs_entry=n/a, vs_critical=overlapping"
entry-00208,1,0,ambiguous_before_entry,"trace[0] 在 entry_file 中 comparison=overlapping, vs_entry=overlapping, vs_critical=n/a"
entry-00208,1,11,ambiguous_after_critical,"trace[11] 在 critical_file 中 comparison=overlapping, vs_entry=n/a, vs_critical=overlapping"
entry-00210,1,0,ambiguous_before_entry,"trace[0] 在 entry_file 中 comparison=overlapping, vs_entry=overlapping, vs_critical=n/a"
entry-00210,1,6,ambiguous_after_critical,"trace[6] 在 critical_file 中 comparison=overlapping, vs_entry=n/a, vs_critical=overlapping"
entry-00211,1,0,ambiguous_before_entry,"trace[0] 在 entry_file 中 comparison=overlapping, vs_entry=overlapping, vs_critical=n/a"
entry-00211,1,3,ambiguous_after_critical,"trace[3] 在 critical_file 中 comparison=overlapping, vs_entry=n/a, vs_critical=overlapping"
entry-00213,1,0,ambiguous_after_critical,"trace[0] 在 both 中 comparison=strictly_after, vs_entry=overlapping, vs_critical=strictly_after"
entry-00213,1,2,ambiguous_before_entry,"trace[2] 在 both 中 comparison=strictly_before, vs_entry=strictly_before, vs_critical=overlapping"
entry-00214,1,0,ambiguous_before_entry,"trace[0] 在 entry_file 中 comparison=overlapping, vs_entry=overlapping, vs_critical=n/a"
entry-00214,1,2,ambiguous_after_critical,"trace[2] 在 critical_file 中 comparison=overlapping, vs_entry=n/a, vs_critical=overlapping"
entry-00215,1,0,ambiguous_before_entry,"trace[0] 在 entry_file 中 comparison=overlapping, vs_entry=overlapping, vs_critical=n/a"
entry-00215,1,4,ambiguous_after_critical,"trace[4] 在 critical_file 中 comparison=overlapping, vs_entry=n/a, vs_critical=overlapping"
entry-00216,1,4,ambiguous_after_critical,"trace[4] 在 critical_file 中 comparison=overlapping, vs_entry=n/a, vs_critical=overlapping"
entry-00217,1,4,ambiguous_after_critical,"trace[4] 在 critical_file 中 comparison=overlapping, vs_entry=n/a, vs_critical=overlapping"
entry-00219,1,0,ambiguous_before_entry,"trace[0] 在 entry_file 中 comparison=overlapping, vs_entry=overlapping, vs_critical=n/a"
entry-00219,1,4,ambiguous_after_critical,"trace[4] 在 critical_file 中 comparison=overlapping, vs_entry=n/a, vs_critical=overlapping"
entry-00220,1,0,ambiguous_before_entry,"trace[0] 在 entry_file 中 comparison=overlapping, vs_entry=overlapping, vs_critical=n/a"
entry-00220,1,2,ambiguous_after_critical,"trace[2] 在 critical_file 中 comparison=overlapping, vs_entry=n/a, vs_critical=overlapping"
entry-00221,1,0,ambiguous_before_entry,"trace[0] 在 entry_file 中 comparison=overlapping, vs_entry=overlapping, vs_critical=n/a"
entry-00221,1,1,ambiguous_after_critical,"trace[1] 在 critical_file 中 comparison=overlapping, vs_entry=n/a, vs_critical=overlapping"
entry-00223,1,0,ambiguous_before_entry,"trace[0] 在 entry_file 中 comparison=overlapping, vs_entry=overlapping, vs_critical=n/a"
entry-00223,1,4,ambiguous_after_critical,"trace[4] 在 critical_file 中 comparison=overlapping, vs_entry=n/a, vs_critical=overlapping"
entry-00224,1,6,duplicate_desc_conflict,trace[6] 与 trace[2] 重复但 desc 不一致; first='在调用栈下游，isProtectedPluginRoutePath 将 pathname 与受保护前缀集合 prefixes 同时传递给 isPathProtectedByPrefixes，完成安全模块内第二层 caller→callee 跳转。isPathProtectedByPrefixes 随即调用规范化函数产生候选集，再对所有候选执行前缀匹配；此处是深度编码路径进入实际规范化管道的入口边界，候选集合是否完整取决于此后的解码深度上限。' vs current='随着解码循环终止，流程沿 callee→caller 方向回到 isPathProtectedByPrefixes；该函数以不完整的候选集合与前缀列表逐一执行前缀匹配，因候选中不存在充分还原的受保护路径形式，所有比对均不命中，函数向调用者 isProtectedPluginRoutePath 返回 false。此负向返回值继续沿调用栈上传，最终抵达鉴权决策点。'
entry-00225,1,0,ambiguous_before_entry,"trace[0] 在 entry_file 中 comparison=overlapping, vs_entry=overlapping, vs_critical=n/a"
entry-00225,1,1,ambiguous_after_critical,"trace[1] 在 critical_file 中 comparison=overlapping, vs_entry=n/a, vs_critical=overlapping"
entry-00226,1,0,ambiguous_after_critical,"trace[0] 在 both 中 comparison=strictly_after, vs_entry=overlapping, vs_critical=strictly_after"
entry-00226,1,1,ambiguous_before_entry,"trace[1] 在 both 中 comparison=strictly_before, vs_entry=strictly_before, vs_critical=strictly_after"
entry-00226,1,2,ambiguous_before_entry,"trace[2] 在 both 中 comparison=strictly_before, vs_entry=strictly_before, vs_critical=strictly_after"
entry-00226,1,3,ambiguous_before_entry,"trace[3] 在 both 中 comparison=strictly_before, vs_entry=strictly_before, vs_critical=strictly_after"
entry-00226,1,4,ambiguous_before_entry,"trace[4] 在 both 中 comparison=strictly_before, vs_entry=strictly_before, vs_critical=strictly_after"
entry-00226,1,5,ambiguous_before_entry,"trace[5] 在 both 中 comparison=strictly_before, vs_entry=strictly_before, vs_critical=strictly_after"
entry-00226,1,6,ambiguous_before_entry,"trace[6] 在 both 中 comparison=strictly_before, vs_entry=strictly_before, vs_critical=overlapping"
entry-00228,1,0,ambiguous_before_entry,"trace[0] 在 entry_file 中 comparison=overlapping, vs_entry=overlapping, vs_critical=n/a"
entry-00228,1,2,ambiguous_after_critical,"trace[2] 在 critical_file 中 comparison=overlapping, vs_entry=n/a, vs_critical=overlapping"
entry-00231,1,0,ambiguous_before_entry,"trace[0] 在 entry_file 中 comparison=overlapping, vs_entry=overlapping, vs_critical=n/a"
entry-00231,1,5,ambiguous_after_critical,"trace[5] 在 critical_file 中 comparison=overlapping, vs_entry=n/a, vs_critical=overlapping"
entry-00232,1,0,ambiguous_before_entry,"trace[0] 在 entry_file 中 comparison=overlapping, vs_entry=overlapping, vs_critical=n/a"
entry-00232,1,6,ambiguous_after_critical,"trace[6] 在 critical_file 中 comparison=overlapping, vs_entry=n/a, vs_critical=overlapping"
entry-00233,1,7,ambiguous_after_critical,"trace[7] 在 critical_file 中 comparison=overlapping, vs_entry=n/a, vs_critical=overlapping"
entry-00240,1,3,ambiguous_after_critical,"trace[3] 在 critical_file 中 comparison=overlapping, vs_entry=n/a, vs_critical=overlapping"
entry-00254,1,0,ambiguous_after_critical,"trace[0] 在 both 中 comparison=strictly_after, vs_entry=overlapping, vs_critical=strictly_after"
entry-00254,1,3,ambiguous_before_entry,"trace[3] 在 both 中 comparison=strictly_before, vs_entry=strictly_before, vs_critical=overlapping"
entry-00255,1,0,ambiguous_after_critical,"trace[0] 在 both 中 comparison=strictly_after, vs_entry=overlapping, vs_critical=strictly_after"
entry-00255,1,3,ambiguous_before_entry,"trace[3] 在 both 中 comparison=strictly_before, vs_entry=strictly_before, vs_critical=overlapping"
entry-00256,1,0,ambiguous_after_critical,"trace[0] 在 both 中 comparison=strictly_after, vs_entry=overlapping, vs_critical=strictly_after"
entry-00256,1,7,ambiguous_before_entry,"trace[7] 在 both 中 comparison=strictly_before, vs_entry=strictly_before, vs_critical=overlapping"
entry-00257,1,0,ambiguous_after_critical,"trace[0] 在 both 中 comparison=strictly_after, vs_entry=overlapping, vs_critical=strictly_after"
entry-00257,1,6,ambiguous_before_entry,"trace[6] 在 both 中 comparison=strictly_before, vs_entry=strictly_before, vs_critical=overlapping"
entry-00258,1,0,ambiguous_before_entry,"trace[0] 在 entry_file 中 comparison=overlapping, vs_entry=overlapping, vs_critical=n/a"
entry-00258,1,4,ambiguous_after_critical,"trace[4] 在 critical_file 中 comparison=overlapping, vs_entry=n/a, vs_critical=overlapping"
entry-00259,1,0,ambiguous_before_entry,"trace[0] 在 entry_file 中 comparison=overlapping, vs_entry=overlapping, vs_critical=n/a"
entry-00259,1,4,ambiguous_after_critical,"trace[4] 在 critical_file 中 comparison=overlapping, vs_entry=n/a, vs_critical=overlapping"
entry-00260,1,0,ambiguous_before_entry,"trace[0] 在 entry_file 中 comparison=overlapping, vs_entry=overlapping, vs_critical=n/a"
entry-00260,1,4,ambiguous_after_critical,"trace[4] 在 critical_file 中 comparison=overlapping, vs_entry=n/a, vs_critical=overlapping"
entry-00261,1,0,ambiguous_before_entry,"trace[0] 在 entry_file 中 comparison=overlapping, vs_entry=overlapping, vs_critical=n/a"
entry-00261,1,3,ambiguous_after_critical,"trace[3] 在 critical_file 中 comparison=overlapping, vs_entry=n/a, vs_critical=overlapping"
entry-00262,1,6,ambiguous_after_critical,"trace[6] 在 critical_file 中 comparison=overlapping, vs_entry=n/a, vs_critical=overlapping"
entry-00264,1,6,ambiguous_after_critical,"trace[6] 在 critical_file 中 comparison=overlapping, vs_entry=n/a, vs_critical=overlapping"
entry-00265,1,4,ambiguous_after_critical,"trace[4] 在 critical_file 中 comparison=overlapping, vs_entry=n/a, vs_critical=overlapping"
entry-00266,1,5,ambiguous_after_critical,"trace[5] 在 critical_file 中 comparison=overlapping, vs_entry=n/a, vs_critical=overlapping"
entry-00267,1,5,ambiguous_after_critical,"trace[5] 在 critical_file 中 comparison=overlapping, vs_entry=n/a, vs_critical=overlapping"
entry-00268,1,0,ambiguous_before_entry,"trace[0] 在 entry_file 中 comparison=overlapping, vs_entry=overlapping, vs_critical=n/a"
entry-00268,1,6,ambiguous_after_critical,"trace[6] 在 critical_file 中 comparison=overlapping, vs_entry=n/a, vs_critical=overlapping"
entry-00269,1,0,ambiguous_before_entry,"trace[0] 在 entry_file 中 comparison=overlapping, vs_entry=overlapping, vs_critical=n/a"
entry-00269,1,7,ambiguous_after_critical,"trace[7] 在 critical_file 中 comparison=overlapping, vs_entry=n/a, vs_critical=overlapping"
entry-00270,1,0,ambiguous_before_entry,"trace[0] 在 entry_file 中 comparison=overlapping, vs_entry=overlapping, vs_critical=n/a"
entry-00270,1,2,ambiguous_after_critical,"trace[2] 在 critical_file 中 comparison=overlapping, vs_entry=n/a, vs_critical=overlapping"
entry-00271,1,5,ambiguous_after_critical,"trace[5] 在 critical_file 中 comparison=overlapping, vs_entry=n/a, vs_critical=overlapping"
entry-00272,1,5,ambiguous_after_critical,"trace[5] 在 critical_file 中 comparison=overlapping, vs_entry=n/a, vs_critical=overlapping"
entry-00273,1,4,ambiguous_after_critical,"trace[4] 在 critical_file 中 comparison=overlapping, vs_entry=n/a, vs_critical=overlapping"
entry-00274,1,4,ambiguous_after_critical,"trace[4] 在 critical_file 中 comparison=overlapping, vs_entry=n/a, vs_critical=overlapping"
entry-00275,1,0,ambiguous_before_entry,"trace[0] 在 entry_file 中 comparison=overlapping, vs_entry=overlapping, vs_critical=n/a"
entry-00275,1,7,ambiguous_after_critical,"trace[7] 在 critical_file 中 comparison=overlapping, vs_entry=n/a, vs_critical=overlapping"
entry-00277,1,0,ambiguous_before_entry,"trace[0] 在 entry_file 中 comparison=overlapping, vs_entry=overlapping, vs_critical=n/a"
entry-00277,1,7,ambiguous_after_critical,"trace[7] 在 critical_file 中 comparison=overlapping, vs_entry=n/a, vs_critical=overlapping"
entry-00278,1,0,ambiguous_before_entry,"trace[0] 在 entry_file 中 comparison=overlapping, vs_entry=overlapping, vs_critical=n/a"
entry-00278,1,5,ambiguous_after_critical,"trace[5] 在 critical_file 中 comparison=overlapping, vs_entry=n/a, vs_critical=overlapping"
entry-00290,0,0,ambiguous_before_entry,"trace[0] 在 entry_file 中 comparison=overlapping, vs_entry=overlapping, vs_critical=n/a"
entry-00290,0,5,ambiguous_after_critical,"trace[5] 在 critical_file 中 comparison=overlapping, vs_entry=n/a, vs_critical=overlapping"
entry-00292,1,6,ambiguous_before_entry,"trace[6] 在 both 中 comparison=strictly_before, vs_entry=strictly_before, vs_critical=overlapping"
entry-00294,1,0,ambiguous_before_entry,"trace[0] 在 entry_file 中 comparison=overlapping, vs_entry=overlapping, vs_critical=n/a"
entry-00294,1,9,ambiguous_after_critical,"trace[9] 在 critical_file 中 comparison=overlapping, vs_entry=n/a, vs_critical=overlapping"
entry-00301,1,0,ambiguous_before_entry,"trace[0] 在 entry_file 中 comparison=overlapping, vs_entry=overlapping, vs_critical=n/a"
entry-00301,1,4,ambiguous_after_critical,"trace[4] 在 critical_file 中 comparison=overlapping, vs_entry=n/a, vs_critical=overlapping"
entry-00302,1,0,ambiguous_before_entry,"trace[0] 在 entry_file 中 comparison=overlapping, vs_entry=overlapping, vs_critical=n/a"
entry-00302,1,4,ambiguous_after_critical,"trace[4] 在 critical_file 中 comparison=overlapping, vs_entry=n/a, vs_critical=overlapping"
entry-00303,1,0,ambiguous_before_entry,"trace[0] 在 entry_file 中 comparison=overlapping, vs_entry=overlapping, vs_critical=n/a"
entry-00303,1,3,ambiguous_after_critical,"trace[3] 在 critical_file 中 comparison=overlapping, vs_entry=n/a, vs_critical=overlapping"
entry-00310,1,0,ambiguous_after_critical,"trace[0] 在 both 中 comparison=strictly_after, vs_entry=overlapping, vs_critical=strictly_after"
entry-00310,1,2,ambiguous_before_entry,"trace[2] 在 both 中 comparison=strictly_before, vs_entry=strictly_before, vs_critical=overlapping"
entry-00315,1,4,ambiguous_after_critical,"trace[4] 在 critical_file 中 comparison=overlapping, vs_entry=n/a, vs_critical=overlapping"
entry-00317,1,0,ambiguous_before_entry,"trace[0] 在 entry_file 中 comparison=overlapping, vs_entry=overlapping, vs_critical=n/a"
entry-00317,1,2,ambiguous_after_critical,"trace[2] 在 critical_file 中 comparison=overlapping, vs_entry=n/a, vs_critical=overlapping"
entry-00318,1,5,ambiguous_after_critical,"trace[5] 在 critical_file 中 comparison=overlapping, vs_entry=n/a, vs_critical=overlapping"
entry-00320,0,0,ambiguous_before_entry,"trace[0] 在 entry_file 中 comparison=overlapping, vs_entry=overlapping, vs_critical=n/a"
entry-00320,0,3,ambiguous_after_critical,"trace[3] 在 critical_file 中 comparison=overlapping, vs_entry=n/a, vs_critical=overlapping"
entry-00321,1,0,ambiguous_before_entry,"trace[0] 在 entry_file 中 comparison=overlapping, vs_entry=overlapping, vs_critical=n/a"
entry-00321,1,2,ambiguous_after_critical,"trace[2] 在 critical_file 中 comparison=overlapping, vs_entry=n/a, vs_critical=overlapping"
entry-00322,1,0,ambiguous_before_entry,"trace[0] 在 entry_file 中 comparison=overlapping, vs_entry=overlapping, vs_critical=n/a"
entry-00322,1,7,ambiguous_after_critical,"trace[7] 在 critical_file 中 comparison=overlapping, vs_entry=n/a, vs_critical=overlapping"
entry-00327,1,0,ambiguous_before_entry,"trace[0] 在 entry_file 中 comparison=overlapping, vs_entry=overlapping, vs_critical=n/a"
entry-00327,1,6,ambiguous_after_critical,"trace[6] 在 critical_file 中 comparison=overlapping, vs_entry=n/a, vs_critical=overlapping"
entry-00328,1,0,ambiguous_before_entry,"trace[0] 在 entry_file 中 comparison=overlapping, vs_entry=overlapping, vs_critical=n/a"
entry-00328,1,3,ambiguous_after_critical,"trace[3] 在 critical_file 中 comparison=overlapping, vs_entry=n/a, vs_critical=overlapping"
entry-00329,1,0,ambiguous_before_entry,"trace[0] 在 entry_file 中 comparison=overlapping, vs_entry=overlapping, vs_critical=n/a"
entry-00329,1,2,ambiguous_after_critical,"trace[2] 在 critical_file 中 comparison=overlapping, vs_entry=n/a, vs_critical=overlapping"
entry-00330,1,0,ambiguous_before_entry,"trace[0] 在 entry_file 中 comparison=overlapping, vs_entry=overlapping, vs_critical=n/a"
entry-00330,1,2,ambiguous_after_critical,"trace[2] 在 critical_file 中 comparison=overlapping, vs_entry=n/a, vs_critical=overlapping"
entry-00331,1,0,ambiguous_before_entry,"trace[0] 在 entry_file 中 comparison=overlapping, vs_entry=overlapping, vs_critical=n/a"
entry-00331,1,1,ambiguous_after_critical,"trace[1] 在 critical_file 中 comparison=overlapping, vs_entry=n/a, vs_critical=overlapping"
entry-00333,1,0,ambiguous_before_entry,"trace[0] 在 entry_file 中 comparison=overlapping, vs_entry=overlapping, vs_critical=n/a"
entry-00333,1,3,ambiguous_after_critical,"trace[3] 在 critical_file 中 comparison=overlapping, vs_entry=n/a, vs_critical=overlapping"
entry-00334,1,0,ambiguous_before_entry,"trace[0] 在 entry_file 中 comparison=overlapping, vs_entry=overlapping, vs_critical=n/a"
entry-00334,1,3,ambiguous_after_critical,"trace[3] 在 critical_file 中 comparison=overlapping, vs_entry=n/a, vs_critical=overlapping"
entry-00338,1,0,ambiguous_before_entry,"trace[0] 在 entry_file 中 comparison=overlapping, vs_entry=overlapping, vs_critical=n/a"
entry-00338,1,5,ambiguous_after_critical,"trace[5] 在 critical_file 中 comparison=overlapping, vs_entry=n/a, vs_critical=overlapping"
entry-00350,1,0,ambiguous_after_critical,"trace[0] 在 both 中 comparison=strictly_after, vs_entry=overlapping, vs_critical=strictly_after"
entry-00350,1,3,ambiguous_before_entry,"trace[3] 在 both 中 comparison=strictly_before, vs_entry=strictly_before, vs_critical=overlapping"
entry-00351,1,0,ambiguous_before_entry,"trace[0] 在 entry_file 中 comparison=overlapping, vs_entry=overlapping, vs_critical=n/a"
entry-00351,1,5,ambiguous_after_critical,"trace[5] 在 critical_file 中 comparison=overlapping, vs_entry=n/a, vs_critical=overlapping"
entry-00355,1,0,ambiguous_before_entry,"trace[0] 在 entry_file 中 comparison=overlapping, vs_entry=overlapping, vs_critical=n/a"
entry-00355,1,3,ambiguous_after_critical,"trace[3] 在 critical_file 中 comparison=overlapping, vs_entry=n/a, vs_critical=overlapping"
entry-00355,1,6,ambiguous_after_critical,"trace[6] 在 critical_file 中 comparison=overlapping, vs_entry=n/a, vs_critical=overlapping"
entry-00356,1,0,ambiguous_before_entry,"trace[0] 在 entry_file 中 comparison=overlapping, vs_entry=overlapping, vs_critical=n/a"
entry-00356,1,5,ambiguous_after_critical,"trace[5] 在 critical_file 中 comparison=overlapping, vs_entry=n/a, vs_critical=overlapping"
entry-00357,1,0,ambiguous_before_entry,"trace[0] 在 entry_file 中 comparison=overlapping, vs_entry=overlapping, vs_critical=n/a"
entry-00357,1,2,ambiguous_after_critical,"trace[2] 在 critical_file 中 comparison=overlapping, vs_entry=n/a, vs_critical=overlapping"
entry-00358,1,0,ambiguous_before_entry,"trace[0] 在 entry_file 中 comparison=overlapping, vs_entry=overlapping, vs_critical=n/a"
entry-00358,1,7,ambiguous_after_critical,"trace[7] 在 critical_file 中 comparison=overlapping, vs_entry=n/a, vs_critical=overlapping"
entry-00364,1,0,ambiguous_after_critical,"trace[0] 在 both 中 comparison=strictly_after, vs_entry=overlapping, vs_critical=strictly_after"
entry-00364,1,7,ambiguous_before_entry,"trace[7] 在 both 中 comparison=strictly_before, vs_entry=strictly_before, vs_critical=strictly_after"
entry-00364,1,8,ambiguous_before_entry,"trace[8] 在 both 中 comparison=strictly_before, vs_entry=strictly_before, vs_critical=strictly_after"
entry-00364,1,10,ambiguous_before_entry,"trace[10] 在 both 中 comparison=strictly_before, vs_entry=strictly_before, vs_critical=overlapping"
entry-00365,1,0,ambiguous_after_critical,"trace[0] 在 both 中 comparison=strictly_after, vs_entry=overlapping, vs_critical=strictly_after"
entry-00365,1,3,ambiguous_before_entry,"trace[3] 在 both 中 comparison=strictly_before, vs_entry=strictly_before, vs_critical=overlapping"
entry-00370,1,2,ambiguous_after_critical,"trace[2] 在 critical_file 中 comparison=overlapping, vs_entry=n/a, vs_critical=overlapping"
entry-00371,1,5,ambiguous_after_critical,"trace[5] 在 critical_file 中 comparison=overlapping, vs_entry=n/a, vs_critical=overlapping"
entry-00372,1,0,ambiguous_after_critical,"trace[0] 在 both 中 comparison=strictly_after, vs_entry=overlapping, vs_critical=strictly_after"
entry-00373,1,0,ambiguous_after_critical,"trace[0] 在 both 中 comparison=strictly_after, vs_entry=overlapping, vs_critical=strictly_after"
entry-00376,1,0,ambiguous_before_entry,"trace[0] 在 entry_file 中 comparison=overlapping, vs_entry=overlapping, vs_critical=n/a"
entry-00376,1,7,ambiguous_after_critical,"trace[7] 在 critical_file 中 comparison=overlapping, vs_entry=n/a, vs_critical=overlapping"
entry-00378,1,5,ambiguous_after_critical,"trace[5] 在 critical_file 中 comparison=overlapping, vs_entry=n/a, vs_critical=overlapping"
entry-00381,1,0,ambiguous_before_entry,"trace[0] 在 entry_file 中 comparison=overlapping, vs_entry=overlapping, vs_critical=n/a"
entry-00381,1,8,ambiguous_after_critical,"trace[8] 在 critical_file 中 comparison=overlapping, vs_entry=n/a, vs_critical=overlapping"
entry-00382,1,0,ambiguous_before_entry,"trace[0] 在 entry_file 中 comparison=overlapping, vs_entry=overlapping, vs_critical=n/a"
entry-00382,1,6,ambiguous_after_critical,"trace[6] 在 critical_file 中 comparison=overlapping, vs_entry=n/a, vs_critical=overlapping"
entry-00383,1,4,ambiguous_after_critical,"trace[4] 在 critical_file 中 comparison=overlapping, vs_entry=n/a, vs_critical=overlapping"
entry-00384,1,4,ambiguous_after_critical,"trace[4] 在 critical_file 中 comparison=overlapping, vs_entry=n/a, vs_critical=overlapping"
entry-00386,1,0,ambiguous_before_entry,"trace[0] 在 entry_file 中 comparison=overlapping, vs_entry=overlapping, vs_critical=n/a"
entry-00386,1,3,ambiguous_after_critical,"trace[3] 在 critical_file 中 comparison=overlapping, vs_entry=n/a, vs_critical=overlapping"
entry-00388,1,6,ambiguous_after_critical,"trace[6] 在 critical_file 中 comparison=overlapping, vs_entry=n/a, vs_critical=overlapping"
entry-00390,1,0,ambiguous_before_entry,"trace[0] 在 entry_file 中 comparison=overlapping, vs_entry=overlapping, vs_critical=n/a"
entry-00390,1,5,ambiguous_after_critical,"trace[5] 在 critical_file 中 comparison=overlapping, vs_entry=n/a, vs_critical=overlapping"
entry-00394,1,0,ambiguous_before_entry,"trace[0] 在 entry_file 中 comparison=overlapping, vs_entry=overlapping, vs_critical=n/a"
entry-00394,1,3,ambiguous_after_critical,"trace[3] 在 critical_file 中 comparison=overlapping, vs_entry=n/a, vs_critical=overlapping"
entry-00395,1,0,ambiguous_after_critical,"trace[0] 在 both 中 comparison=strictly_after, vs_entry=overlapping, vs_critical=strictly_after"
entry-00395,1,3,ambiguous_before_entry,"trace[3] 在 both 中 comparison=strictly_before, vs_entry=strictly_before, vs_critical=overlapping"
entry-00398,1,3,ambiguous_after_critical,"trace[3] 在 critical_file 中 comparison=overlapping, vs_entry=n/a, vs_critical=overlapping"
entry-00399,1,0,ambiguous_before_entry,"trace[0] 在 entry_file 中 comparison=overlapping, vs_entry=overlapping, vs_critical=n/a"
entry-00399,1,2,ambiguous_after_critical,"trace[2] 在 critical_file 中 comparison=overlapping, vs_entry=n/a, vs_critical=overlapping"
entry-00400,1,0,ambiguous_before_entry,"trace[0] 在 entry_file 中 comparison=overlapping, vs_entry=overlapping, vs_critical=n/a"
entry-00400,1,4,ambiguous_after_critical,"trace[4] 在 critical_file 中 comparison=overlapping, vs_entry=n/a, vs_critical=overlapping"
entry-00406,1,2,ambiguous_before_entry,"trace[2] 在 entry_file 中 comparison=overlapping, vs_entry=overlapping, vs_critical=n/a"
entry-00410,1,0,ambiguous_before_entry,"trace[0] 在 entry_file 中 comparison=overlapping, vs_entry=overlapping, vs_critical=n/a"
entry-00410,1,5,ambiguous_after_critical,"trace[5] 在 critical_file 中 comparison=overlapping, vs_entry=n/a, vs_critical=overlapping"
entry-00414,1,0,ambiguous_before_entry,"trace[0] 在 entry_file 中 comparison=overlapping, vs_entry=overlapping, vs_critical=n/a"
entry-00414,1,2,ambiguous_after_critical,"trace[2] 在 critical_file 中 comparison=overlapping, vs_entry=n/a, vs_critical=overlapping"
entry-00419,1,3,ambiguous_after_critical,"trace[3] 在 critical_file 中 comparison=overlapping, vs_entry=n/a, vs_critical=overlapping"
entry-00424,1,0,ambiguous_before_entry,"trace[0] 在 entry_file 中 comparison=overlapping, vs_entry=overlapping, vs_critical=n/a"
entry-00424,1,5,ambiguous_after_critical,"trace[5] 在 critical_file 中 comparison=overlapping, vs_entry=n/a, vs_critical=overlapping"
entry-00429,1,0,ambiguous_before_entry,"trace[0] 在 entry_file 中 comparison=overlapping, vs_entry=overlapping, vs_critical=n/a"
entry-00429,1,5,ambiguous_after_critical,"trace[5] 在 critical_file 中 comparison=overlapping, vs_entry=n/a, vs_critical=overlapping"
entry-00430,1,0,ambiguous_before_entry,"trace[0] 在 entry_file 中 comparison=overlapping, vs_entry=overlapping, vs_critical=n/a"
entry-00430,1,5,ambiguous_after_critical,"trace[5] 在 critical_file 中 comparison=overlapping, vs_entry=n/a, vs_critical=overlapping"
entry-00431,1,0,ambiguous_before_entry,"trace[0] 在 entry_file 中 comparison=overlapping, vs_entry=overlapping, vs_critical=n/a"
entry-00431,1,2,ambiguous_after_critical,"trace[2] 在 critical_file 中 comparison=overlapping, vs_entry=n/a, vs_critical=overlapping"
entry-00432,1,0,ambiguous_before_entry,"trace[0] 在 entry_file 中 comparison=overlapping, vs_entry=overlapping, vs_critical=n/a"
entry-00432,1,2,ambiguous_after_critical,"trace[2] 在 critical_file 中 comparison=overlapping, vs_entry=n/a, vs_critical=overlapping"
entry-00433,1,0,ambiguous_before_entry,"trace[0] 在 entry_file 中 comparison=overlapping, vs_entry=overlapping, vs_critical=n/a"
entry-00433,1,2,ambiguous_after_critical,"trace[2] 在 critical_file 中 comparison=overlapping, vs_entry=n/a, vs_critical=overlapping"
entry-00434,1,0,ambiguous_before_entry,"trace[0] 在 entry_file 中 comparison=overlapping, vs_entry=overlapping, vs_critical=n/a"
entry-00434,1,5,ambiguous_after_critical,"trace[5] 在 critical_file 中 comparison=overlapping, vs_entry=n/a, vs_critical=overlapping"
entry-00436,1,0,ambiguous_before_entry,"trace[0] 在 entry_file 中 comparison=overlapping, vs_entry=overlapping, vs_critical=n/a"
entry-00436,1,4,ambiguous_after_critical,"trace[4] 在 critical_file 中 comparison=overlapping, vs_entry=n/a, vs_critical=overlapping"
entry-00437,1,0,ambiguous_before_entry,"trace[0] 在 entry_file 中 comparison=overlapping, vs_entry=overlapping, vs_critical=n/a"
entry-00437,1,9,ambiguous_after_critical,"trace[9] 在 critical_file 中 comparison=overlapping, vs_entry=n/a, vs_critical=overlapping"
entry-00446,1,0,ambiguous_before_entry,"trace[0] 在 entry_file 中 comparison=overlapping, vs_entry=overlapping, vs_critical=n/a"
entry-00446,1,7,ambiguous_after_critical,"trace[7] 在 critical_file 中 comparison=overlapping, vs_entry=n/a, vs_critical=overlapping"
entry-00450,1,0,ambiguous_before_entry,"trace[0] 在 entry_file 中 comparison=overlapping, vs_entry=overlapping, vs_critical=n/a"
entry-00450,1,4,ambiguous_after_critical,"trace[4] 在 critical_file 中 comparison=overlapping, vs_entry=n/a, vs_critical=overlapping"
entry-00451,1,0,ambiguous_before_entry,"trace[0] 在 entry_file 中 comparison=overlapping, vs_entry=overlapping, vs_critical=n/a"
entry-00451,1,4,ambiguous_after_critical,"trace[4] 在 critical_file 中 comparison=overlapping, vs_entry=n/a, vs_critical=overlapping"
entry-00459,1,0,ambiguous_before_entry,"trace[0] 在 entry_file 中 comparison=overlapping, vs_entry=overlapping, vs_critical=n/a"
entry-00459,1,9,ambiguous_after_critical,"trace[9] 在 critical_file 中 comparison=overlapping, vs_entry=n/a, vs_critical=overlapping"
entry-00465,1,2,ambiguous_before_entry,"trace[2] 在 entry_file 中 comparison=overlapping, vs_entry=overlapping, vs_critical=n/a"
entry-00465,1,7,ambiguous_after_critical,"trace[7] 在 critical_file 中 comparison=overlapping, vs_entry=n/a, vs_critical=overlapping"
entry-00466,1,1,ambiguous_before_entry,"trace[1] 在 entry_file 中 comparison=overlapping, vs_entry=overlapping, vs_critical=n/a"
entry-00466,1,4,ambiguous_after_critical,"trace[4] 在 critical_file 中 comparison=overlapping, vs_entry=n/a, vs_critical=overlapping"
entry-00467,1,0,ambiguous_before_entry,"trace[0] 在 entry_file 中 comparison=overlapping, vs_entry=overlapping, vs_critical=n/a"
entry-00467,1,7,ambiguous_after_critical,"trace[7] 在 critical_file 中 comparison=overlapping, vs_entry=n/a, vs_critical=overlapping"
entry-00469,1,0,ambiguous_before_entry,"trace[0] 在 entry_file 中 comparison=overlapping, vs_entry=overlapping, vs_critical=n/a"
entry-00469,1,3,ambiguous_after_critical,"trace[3] 在 critical_file 中 comparison=overlapping, vs_entry=n/a, vs_critical=overlapping"
entry-00470,1,0,ambiguous_before_entry,"trace[0] 在 entry_file 中 comparison=overlapping, vs_entry=overlapping, vs_critical=n/a"
entry-00470,1,3,ambiguous_after_critical,"trace[3] 在 critical_file 中 comparison=overlapping, vs_entry=n/a, vs_critical=overlapping"
entry-00472,1,0,ambiguous_before_entry,"trace[0] 在 entry_file 中 comparison=overlapping, vs_entry=overlapping, vs_critical=n/a"
entry-00472,1,2,ambiguous_after_critical,"trace[2] 在 critical_file 中 comparison=overlapping, vs_entry=n/a, vs_critical=overlapping"
entry-00473,1,0,ambiguous_before_entry,"trace[0] 在 entry_file 中 comparison=overlapping, vs_entry=overlapping, vs_critical=n/a"
entry-00473,1,3,ambiguous_after_critical,"trace[3] 在 critical_file 中 comparison=overlapping, vs_entry=n/a, vs_critical=overlapping"
entry-00475,1,0,ambiguous_before_entry,"trace[0] 在 entry_file 中 comparison=overlapping, vs_entry=overlapping, vs_critical=n/a"
entry-00475,1,3,ambiguous_after_critical,"trace[3] 在 critical_file 中 comparison=overlapping, vs_entry=n/a, vs_critical=overlapping"
entry-00476,1,1,ambiguous_after_critical,"trace[1] 在 critical_file 中 comparison=overlapping, vs_entry=n/a, vs_critical=overlapping"
entry-00477,1,5,ambiguous_after_critical,"trace[5] 在 critical_file 中 comparison=overlapping, vs_entry=n/a, vs_critical=overlapping"
entry-00479,1,0,ambiguous_before_entry,"trace[0] 在 entry_file 中 comparison=overlapping, vs_entry=overlapping, vs_critical=n/a"
entry-00479,1,2,ambiguous_after_critical,"trace[2] 在 critical_file 中 comparison=overlapping, vs_entry=n/a, vs_critical=overlapping"
entry-00480,1,0,ambiguous_before_entry,"trace[0] 在 entry_file 中 comparison=overlapping, vs_entry=overlapping, vs_critical=n/a"
entry-00480,1,7,ambiguous_after_critical,"trace[7] 在 critical_file 中 comparison=overlapping, vs_entry=n/a, vs_critical=overlapping"
entry-00482,1,0,ambiguous_before_entry,"trace[0] 在 entry_file 中 comparison=overlapping, vs_entry=overlapping, vs_critical=n/a"
entry-00482,1,2,ambiguous_after_critical,"trace[2] 在 critical_file 中 comparison=overlapping, vs_entry=n/a, vs_critical=overlapping"
entry-00483,1,3,ambiguous_after_critical,"trace[3] 在 critical_file 中 comparison=overlapping, vs_entry=n/a, vs_critical=overlapping"
entry-00484,1,2,duplicate_desc_conflict,trace[2] 与 trace[0] 重复但 desc 不一致; first='assertBoard(req) 在路由处理器最开始处执行，其作用是确认 req.actor.type 为 board 类型，排除非 board 身份的调用方；这是路由层对本次请求实施的唯一身份检查，校验逻辑在此终止，后续代码不再对目标 agent 所属公司与调用方持有的公司列表做任何比对。' vs current='assertBoard(req) 在此处暴露的是其后本应存在的租户归属校验的结构性缺位；路由在确认 actor 类型后直接进入业务逻辑，省略了将调用方 companyIds 与目标 agent 的 companyId 做交叉核查的步骤，这一缺口使得跨租户的密钥操作请求得以无拦截地向下穿透至服务层。'
entry-00484,1,3,ambiguous_after_critical,"trace[3] 在 critical_file 中 comparison=overlapping, vs_entry=n/a, vs_critical=overlapping"
entry-00485,1,3,ambiguous_after_critical,"trace[3] 在 critical_file 中 comparison=overlapping, vs_entry=n/a, vs_critical=overlapping"
entry-00486,1,3,ambiguous_after_critical,"trace[3] 在 critical_file 中 comparison=overlapping, vs_entry=n/a, vs_critical=overlapping"
entry-00487,1,2,duplicate_desc_conflict,trace[2] 与 trace[0] 重复但 desc 不一致; first='assertBoard(req) 在进入路由处理函数后立即被调用，是从 HTTP 入口 caller 流向后续业务逻辑 callee 的第一个鉴权节点。该调用仅确认请求方 actor 的类型为 board，属于身份类型断言而非资源归属验证；路由层的权限检查止步于此，任何租户的 board 用户均可顺利通过并继续向下执行。' vs current='在调用栈此处，assertBoard(req) 是路由层仅有的权限调用，然而代码完全缺失将 req.actor.companyIds 与目标 agent 所属公司进行比对的归属校验步骤。这一缺口使任何已通过 assertBoard 类型断言的 board 用户均可跨越租户边界，是 IDOR 的直接根因——若此处存在 assertCompanyAccess 调用，后续跨租户密钥铸造将被拦截。'
entry-00487,1,3,ambiguous_after_critical,"trace[3] 在 critical_file 中 comparison=overlapping, vs_entry=n/a, vs_critical=overlapping"
entry-00488,1,3,ambiguous_after_critical,"trace[3] 在 critical_file 中 comparison=overlapping, vs_entry=n/a, vs_critical=overlapping"
entry-00489,1,0,ambiguous_before_entry,"trace[0] 在 entry_file 中 comparison=overlapping, vs_entry=overlapping, vs_critical=n/a"
entry-00489,1,4,ambiguous_after_critical,"trace[4] 在 critical_file 中 comparison=overlapping, vs_entry=n/a, vs_critical=overlapping"
entry-00490,1,0,ambiguous_before_entry,"trace[0] 在 entry_file 中 comparison=overlapping, vs_entry=overlapping, vs_critical=n/a"
entry-00490,1,3,ambiguous_after_critical,"trace[3] 在 critical_file 中 comparison=overlapping, vs_entry=n/a, vs_critical=overlapping"
entry-00491,1,0,ambiguous_before_entry,"trace[0] 在 entry_file 中 comparison=overlapping, vs_entry=overlapping, vs_critical=n/a"
entry-00491,1,1,ambiguous_after_critical,"trace[1] 在 critical_file 中 comparison=overlapping, vs_entry=n/a, vs_critical=overlapping"
entry-00492,1,0,ambiguous_before_entry,"trace[0] 在 entry_file 中 comparison=overlapping, vs_entry=overlapping, vs_critical=n/a"
entry-00492,1,9,ambiguous_after_critical,"trace[9] 在 critical_file 中 comparison=overlapping, vs_entry=n/a, vs_critical=overlapping"
entry-00495,1,0,ambiguous_after_critical,"trace[0] 在 both 中 comparison=strictly_after, vs_entry=overlapping, vs_critical=strictly_after"
entry-00495,1,3,ambiguous_before_entry,"trace[3] 在 both 中 comparison=strictly_before, vs_entry=strictly_before, vs_critical=overlapping"
entry-00501,1,0,ambiguous_after_critical,"trace[0] 在 both 中 comparison=strictly_after, vs_entry=overlapping, vs_critical=strictly_after"
entry-00501,1,1,ambiguous_before_entry,"trace[1] 在 both 中 comparison=strictly_before, vs_entry=strictly_before, vs_critical=strictly_after"
entry-00501,1,2,ambiguous_before_entry,"trace[2] 在 both 中 comparison=strictly_before, vs_entry=strictly_before, vs_critical=strictly_after"
entry-00501,1,3,ambiguous_before_entry,"trace[3] 在 both 中 comparison=strictly_before, vs_entry=strictly_before, vs_critical=overlapping"
entry-00502,1,1,ambiguous_before_entry,"trace[1] 在 both 中 comparison=strictly_before, vs_entry=strictly_before, vs_critical=overlapping"
entry-00503,1,0,ambiguous_after_critical,"trace[0] 在 both 中 comparison=strictly_after, vs_entry=overlapping, vs_critical=strictly_after"
entry-00503,1,5,ambiguous_before_entry,"trace[5] 在 both 中 comparison=strictly_before, vs_entry=strictly_before, vs_critical=overlapping"
entry-00504,1,0,ambiguous_after_critical,"trace[0] 在 both 中 comparison=strictly_after, vs_entry=overlapping, vs_critical=strictly_after"
entry-00504,1,2,ambiguous_before_entry,"trace[2] 在 both 中 comparison=strictly_before, vs_entry=strictly_before, vs_critical=overlapping"
entry-00505,1,2,ambiguous_before_entry,"trace[2] 在 both 中 comparison=strictly_before, vs_entry=strictly_before, vs_critical=strictly_after"
entry-00505,1,3,ambiguous_before_entry,"trace[3] 在 both 中 comparison=strictly_before, vs_entry=strictly_before, vs_critical=strictly_after"
entry-00505,1,4,ambiguous_before_entry,"trace[4] 在 both 中 comparison=strictly_before, vs_entry=strictly_before, vs_critical=strictly_after"
entry-00505,1,6,ambiguous_before_entry,"trace[6] 在 both 中 comparison=strictly_before, vs_entry=strictly_before, vs_critical=strictly_after"
entry-00507,1,1,duplicate_desc_conflict,trace[1] 与 trace[0] 重复但 desc 不一致; first='app.get 注册路由这一步是整条调用链的起点：Express 框架将 GET /mcp 的处理权绑定到匿名异步函数，从此刻起任何命中该路径的入站请求都将由此函数独立承接。此步骤的缺陷在于路由注册时未附加鉴权中间件，决定了后续所有处理逻辑在无凭证环境下运行，为 entry_point 向下游传递奠定了无保护的前提。' vs current='处理器函数体执行的第一步理应包含身份校验调用，但此处直接进入后续逻辑，未对请求者身份作任何核验。随后的数据读取和会话查找均在此无鉴权前提下展开，这一缺口是从入口路由向下游 session 查找阶段跨越的关键权限边界缺失点，是漏洞链路中从 caller 流向内部状态查找逻辑的第一段。'
entry-00509,1,0,ambiguous_before_entry,"trace[0] 在 entry_file 中 comparison=overlapping, vs_entry=overlapping, vs_critical=n/a"
entry-00509,1,5,ambiguous_after_critical,"trace[5] 在 critical_file 中 comparison=overlapping, vs_entry=n/a, vs_critical=overlapping"
entry-00511,0,0,ambiguous_before_entry,"trace[0] 在 entry_file 中 comparison=overlapping, vs_entry=overlapping, vs_critical=n/a"
entry-00511,0,5,ambiguous_after_critical,"trace[5] 在 critical_file 中 comparison=overlapping, vs_entry=n/a, vs_critical=overlapping"
entry-00512,0,0,ambiguous_before_entry,"trace[0] 在 entry_file 中 comparison=overlapping, vs_entry=overlapping, vs_critical=n/a"
entry-00512,0,2,ambiguous_after_critical,"trace[2] 在 critical_file 中 comparison=overlapping, vs_entry=n/a, vs_critical=overlapping"
